Unnamed: 0;ID_hecho;FECHA;AAAA;MM;DD;ROL;VICTIMA;SEXO;EDAD
0;2016-0001;2016-01-01;2016;1;1;CONDUCTOR;MOTO;MASCULINO;19.0
1;2016-0002;2016-01-02;2016;1;2;CONDUCTOR;AUTO;MASCULINO;70.0
2;2016-0003;2016-01-03;2016;1;3;CONDUCTOR;MOTO;MASCULINO;30.0
3;2016-0004;2016-01-10;2016;1;10;CONDUCTOR;MOTO;MASCULINO;18.0
4;2016-0005;2016-01-21;2016;1;21;CONDUCTOR;MOTO;MASCULINO;29.0
5;2016-0008;2016-01-24;2016;1;24;CONDUCTOR;MOTO;MASCULINO;30.0
6;2016-0009;2016-01-24;2016;1;24;PASAJERO_ACOMPAÑANTE;MOTO;MASCULINO;29.0
7;2016-0010;2016-01-29;2016;1;29;CONDUCTOR;MOTO;MASCULINO;18.0
8;2016-0012;2016-02-08;2016;2;8;CONDUCTOR;MOTO;MASCULINO;22.0
9;2016-0013;2016-02-10;2016;2;10;PEATON;PEATON;MASCULINO;16.0
10;2016-0015;2016-02-14;2016;2;14;PEATON;PEATON;FEMENINO;16.0
11;2016-0016;2016-02-14;2016;2;14;PASAJERO_ACOMPAÑANTE;MOTO;FEMENINO;19.0
12;2016-0017;2016-02-15;2016;2;15;PEATON;PEATON;MASCULINO;59.0
13;2016-0019;2016-02-17;2016;2;17;PEATON;PEATON;FEMENINO;65.0
14;2016-0020;2016-02-17;2016;2;17;PEATON;PEATON;MASCULINO;59.0
15;2016-0021;2016-02-17;2016;2;17;CONDUCTOR;AUTO;MASCULINO;34.0
16;2016-0022;2016-02-21;2016;2;21;PASAJERO_ACOMPAÑANTE;MOTO;MASCULINO;41.0
17;2016-0025;2016-02-28;2016;2;28;PASAJERO_ACOMPAÑANTE;AUTO;MASCULINO;34.0
18;2016-0026;2016-02-28;2016;2;28;CONDUCTOR;AUTO;MASCULINO;30.0
19;2016-0027;2016-02-28;2016;2;28;PASAJERO_ACOMPAÑANTE;AUTO;MASCULINO;34.0
20;2016-0028;2016-03-02;2016;3;2;PEATON;PEATON;MASCULINO;50.0
21;2016-0029;2016-03-04;2016;3;4;PEATON;PEATON;MASCULINO;38.0
22;2016-0031;2016-03-08;2016;3;8;CONDUCTOR;MOTO;MASCULINO;21.0
23;2016-0034;2016-03-12;2016;3;12;PEATON;PEATON;MASCULINO;52.0
24;2016-0035;2016-03-13;2016;3;13;CONDUCTOR;MOTO;MASCULINO;34.0
25;2016-0036;2016-03-14;2016;3;14;PASAJERO_ACOMPAÑANTE;MOTO;MASCULINO;36.0
26;2016-0037;2016-03-19;2016;3;19;CONDUCTOR;MOTO;MASCULINO;20.0
27;2016-0038;2016-03-21;2016;3;21;PEATON;PEATON;MASCULINO;29.0
28;2016-0039;2016-03-23;2016;3;23;CONDUCTOR;MOTO;MASCULINO;20.0
29;2016-0041;2016-03-29;2016;3;29;CONDUCTOR;MOTO;MASCULINO;54.0
30;2016-0041;2016-03-29;2016;3;29;PASAJERO_ACOMPAÑANTE;MOTO;MASCULINO;42.0
31;2016-0043;2016-03-30;2016;3;30;PEATON;PEATON;FEMENINO;56.0
32;2016-0044;2016-03-31;2016;3;31;CONDUCTOR;MOTO;MASCULINO;24.0
33;2016-0045;2016-04-11;2016;4;11;CONDUCTOR;MOTO;MASCULINO;42.0
34;2016-0047;2016-04-15;2016;4;15;PEATON;PEATON;MASCULINO;41.0
35;2016-0048;2016-04-15;2016;4;15;PEATON;PEATON;FEMENINO;42.0
36;2016-0049;2016-04-17;2016;4;17;SD;SD;SD;42.0
37;2016-0050;2016-04-19;2016;4;19;PEATON;PEATON;MASCULINO;78.0
38;2016-0051;2016-04-20;2016;4;20;CONDUCTOR;MOTO;MASCULINO;36.0
39;2016-0052;2016-04-20;2016;4;20;SD;MOTO;SD;42.0
40;2016-0053;2016-04-22;2016;4;22;PEATON;PEATON;MASCULINO;38.0
41;2016-0054;2016-04-23;2016;4;23;CONDUCTOR;MOTO;MASCULINO;30.0
42;2016-0055;2016-04-25;2016;4;25;PEATON;PEATON;MASCULINO;79.0
43;2016-0056;2016-04-26;2016;4;26;CONDUCTOR;MOTO;MASCULINO;26.0
44;2016-0058;2016-05-04;2016;5;4;PEATON;PEATON;FEMENINO;57.0
45;2016-0059;2016-05-08;2016;5;8;PEATON;PEATON;MASCULINO;37.0
46;2016-0064;2016-05-14;2016;5;14;PEATON;PEATON;MASCULINO;20.0
47;2016-0065;2016-05-20;2016;5;20;PEATON;PEATON;MASCULINO;20.0
48;2016-0067;2016-05-21;2016;5;21;PASAJERO_ACOMPAÑANTE;MOTO;FEMENINO;30.0
49;2016-0068;2016-05-22;2016;5;22;CONDUCTOR;MOTO;MASCULINO;58.0
50;2016-0069;2016-05-23;2016;5;23;CONDUCTOR;AUTO;MASCULINO;30.0
51;2016-0073;2016-06-11;2016;6;11;CONDUCTOR;MOTO;MASCULINO;23.0
52;2016-0074;2016-06-12;2016;6;12;CONDUCTOR;AUTO;MASCULINO;60.0
53;2016-0075;2016-06-12;2016;6;12;PEATON;PEATON;MASCULINO;42.0
54;2016-0076;2016-06-13;2016;6;13;PEATON;PEATON;FEMENINO;53.0
55;2016-0077;2016-06-13;2016;6;13;PEATON;PEATON;FEMENINO;42.0
56;2016-0078;2016-06-13;2016;6;13;CONDUCTOR;MOTO;MASCULINO;30.0
57;2016-0079;2016-06-16;2016;6;16;CONDUCTOR;AUTO;FEMENINO;51.0
58;2016-0080;2016-06-18;2016;6;18;CONDUCTOR;AUTO;MASCULINO;60.0
59;2016-0081;2016-06-22;2016;6;22;CONDUCTOR;MOTO;MASCULINO;40.0
60;2016-0082;2016-06-27;2016;6;27;PEATON;PEATON;MASCULINO;87.0
61;2016-0083;2016-06-28;2016;6;28;PEATON;PEATON;FEMENINO;76.0
62;2016-0084;2016-06-29;2016;6;29;PEATON;PEATON;MASCULINO;57.0
63;2016-0085;2016-06-29;2016;6;29;SD;MOTO;MASCULINO;42.0
64;2016-0086;2016-06-30;2016;6;30;PEATON;PEATON;MASCULINO;75.0
65;2016-0087;2016-07-03;2016;7;3;CONDUCTOR;MOTO;MASCULINO;23.0
66;2016-0088;2016-07-11;2016;7;11;PEATON;PEATON;FEMENINO;70.0
67;2016-0089;2016-07-14;2016;7;14;PEATON;PEATON;MASCULINO;35.0
68;2016-0090;2016-07-14;2016;7;14;PEATON;PEATON;MASCULINO;60.0
69;2016-0092;2016-07-15;2016;7;15;CONDUCTOR;MOTO;MASCULINO;24.0
70;2016-0093;2016-07-17;2016;7;17;CONDUCTOR;AUTO;MASCULINO;35.0
71;2016-0095;2016-07-23;2016;7;23;CONDUCTOR;MOTO;MASCULINO;29.0
72;2016-0096;2016-07-25;2016;7;25;CONDUCTOR;MOTO;MASCULINO;42.0
73;2016-0097;2016-07-26;2016;7;26;PEATON;PEATON;MASCULINO;80.0
74;2016-0098;2016-07-27;2016;7;27;CONDUCTOR;MOTO;FEMENINO;43.0
75;2016-0099;2016-07-29;2016;7;29;CONDUCTOR;CARGAS;MASCULINO;45.0
76;2016-0100;2016-08-03;2016;8;3;CONDUCTOR;MOTO;MASCULINO;57.0
77;2016-0101;2016-08-07;2016;8;7;SD;SD;MASCULINO;67.0
78;2016-0102;2016-08-10;2016;8;10;CONDUCTOR;MOTO;MASCULINO;29.0
79;2016-0104;2016-08-14;2016;8;14;CONDUCTOR;MOTO;MASCULINO;21.0
80;2016-0105;2016-08-17;2016;8;17;PEATON;PEATON;MASCULINO;19.0
81;2016-0106;2016-08-19;2016;8;19;PEATON;PEATON;MASCULINO;38.0
82;2016-0107;2016-08-20;2016;8;20;CONDUCTOR;MOTO;MASCULINO;21.0
83;2016-0109;2016-08-24;2016;8;24;CONDUCTOR;AUTO;FEMENINO;53.0
84;2016-0110;2016-08-24;2016;8;24;PEATON;PEATON;MASCULINO;57.0
85;2016-0111;2016-08-25;2016;8;25;CONDUCTOR;MOTO;MASCULINO;27.0
86;2016-0112;2016-08-27;2016;8;27;CONDUCTOR;MOTO;MASCULINO;24.0
87;2016-0113;2016-08-27;2016;8;27;PEATON;PEATON;FEMENINO;60.0
88;2016-0114;2016-08-31;2016;8;31;CICLISTA;BICICLETA;FEMENINO;55.0
89;2016-0115;2016-09-02;2016;9;2;SD;SD;MASCULINO;42.0
90;2016-0116;2016-09-02;2016;9;2;CONDUCTOR;MOTO;MASCULINO;30.0
91;2016-0117;2016-09-03;2016;9;3;CONDUCTOR;AUTO;MASCULINO;43.0
92;2016-0118;2016-09-04;2016;9;4;CONDUCTOR;AUTO;MASCULINO;27.0
93;2016-0119;2016-09-04;2016;9;4;PASAJERO_ACOMPAÑANTE;SD;FEMENINO;42.0
94;2016-0122;2016-09-13;2016;9;13;CICLISTA;BICICLETA;MASCULINO;49.0
95;2016-0123;2016-09-14;2016;9;14;CONDUCTOR;MOTO;FEMENINO;58.0
96;2016-0124;2016-09-16;2016;9;16;PEATON;PEATON;MASCULINO;67.0
97;2016-0125;2016-09-17;2016;9;17;CONDUCTOR;MOTO;MASCULINO;30.0
98;2016-0126;2016-09-18;2016;9;18;CONDUCTOR;AUTO;MASCULINO;37.0
99;2016-0126;2016-09-18;2016;9;18;PASAJERO_ACOMPAÑANTE;AUTO;MASCULINO;60.0
100;2016-0127;2016-09-24;2016;9;24;PEATON;PEATON;MASCULINO;50.0
101;2016-0128;2016-10-02;2016;10;2;PEATON;PEATON;FEMENINO;81.0
102;2016-0130;2016-10-04;2016;10;4;CONDUCTOR;MOTO;MASCULINO;29.0
103;2016-0131;2016-10-09;2016;10;9;PEATON;PEATON;MASCULINO;35.0
104;2016-0132;2016-10-10;2016;10;10;PASAJERO_ACOMPAÑANTE;AUTO;MASCULINO;30.0
105;2016-0133;2016-10-14;2016;10;14;CONDUCTOR;MOTO;MASCULINO;41.0
106;2016-0134;2016-10-23;2016;10;23;CONDUCTOR;MOTO;MASCULINO;25.0
107;2016-0135;2016-10-24;2016;10;24;PEATON;PEATON;MASCULINO;29.0
108;2016-0136;2016-10-25;2016;10;25;CONDUCTOR;MOTO;SD;42.0
109;2016-0137;2016-10-25;2016;10;25;CONDUCTOR;MOTO;MASCULINO;30.0
110;2016-0138;2016-10-27;2016;10;27;CICLISTA;BICICLETA;FEMENINO;33.0
111;2016-0139;2016-10-28;2016;10;28;PASAJERO_ACOMPAÑANTE;MOTO;FEMENINO;35.0
112;2016-0140;2016-10-31;2016;10;31;PASAJERO_ACOMPAÑANTE;PASAJEROS;MASCULINO;20.0
113;2016-0142;2016-11-05;2016;11;5;CONDUCTOR;MOTO;MASCULINO;46.0
114;2016-0143;2016-11-06;2016;11;6;CONDUCTOR;MOTO;MASCULINO;35.0
115;2016-0144;2016-11-07;2016;11;7;PEATON;PEATON;MASCULINO;83.0
116;2016-0145;2016-11-07;2016;11;7;CONDUCTOR;MOTO;MASCULINO;39.0
117;2016-0146;2016-11-09;2016;11;9;PEATON;PEATON;FEMENINO;29.0
118;2016-0147;2016-11-16;2016;11;16;PASAJERO_ACOMPAÑANTE;MOVIL;MASCULINO;55.0
119;2016-0148;2016-11-16;2016;11;16;CONDUCTOR;MOTO;MASCULINO;42.0
120;2016-0150;2016-11-18;2016;11;18;PASAJERO_ACOMPAÑANTE;CARGAS;MASCULINO;41.0
121;2016-0151;2016-11-18;2016;11;18;PEATON;PEATON;SD;42.0
122;2016-0152;2016-11-23;2016;11;23;CONDUCTOR;MOTO;MASCULINO;42.0
123;2016-0153;2016-11-25;2016;11;25;PEATON;PEATON;FEMENINO;83.0
124;2016-0154;2016-11-26;2016;11;26;CONDUCTOR;MOTO;MASCULINO;38.0
125;2016-0155;2016-11-26;2016;11;26;PEATON;PEATON;FEMENINO;29.0
126;2016-0156;2016-11-26;2016;11;26;CONDUCTOR;MOTO;MASCULINO;23.0
127;2016-0157;2016-12-03;2016;12;3;CONDUCTOR;MOTO;MASCULINO;23.0
128;2016-0159;2016-12-04;2016;12;4;CONDUCTOR;AUTO;MASCULINO;23.0
129;2016-0160;2016-12-06;2016;12;6;CONDUCTOR;CARGAS;MASCULINO;29.0
130;2016-0161;2016-12-06;2016;12;6;PEATON;PEATON;MASCULINO;50.0
131;2016-0162;2016-12-07;2016;12;7;PEATON;PEATON;MASCULINO;38.0
132;2016-0163;2016-12-10;2016;12;10;CONDUCTOR;MOTO;MASCULINO;23.0
133;2016-0164;2016-12-11;2016;12;11;CONDUCTOR;AUTO;MASCULINO;29.0
134;2016-0165;2016-12-12;2016;12;12;CICLISTA;BICICLETA;MASCULINO;37.0
135;2016-0168;2016-12-13;2016;12;13;CONDUCTOR;MOTO;MASCULINO;43.0
136;2016-0169;2016-12-15;2016;12;15;CONDUCTOR;MOTO;MASCULINO;24.0
137;2016-0170;2016-12-19;2016;12;19;PASAJERO_ACOMPAÑANTE;MOTO;MASCULINO;21.0
138;2016-0171;2016-12-25;2016;12;25;CONDUCTOR;MOTO;SD;42.0
139;2016-0172;2016-12-26;2016;12;26;CONDUCTOR;MOTO;MASCULINO;38.0
140;2016-0173;2016-12-26;2016;12;26;CONDUCTOR;MOTO;MASCULINO;35.0
141;2016-0174;2016-12-27;2016;12;27;SD;SD;SD;42.0
142;2016-0175;2016-12-27;2016;12;27;PEATON;PEATON;FEMENINO;42.0
143;2016-0176;2016-12-28;2016;12;28;CONDUCTOR;MOTO;MASCULINO;28.0
144;2016-0177;2016-12-29;2016;12;29;PEATON;PEATON;FEMENINO;27.0
145;2016-0178;2016-12-30;2016;12;30;PEATON;PEATON;FEMENINO;7.0
146;2017-0001;2017-01-02;2017;1;2;CONDUCTOR;MOTO;MASCULINO;18.0
147;2017-0003;2017-01-05;2017;1;5;PASAJERO_ACOMPAÑANTE;CARGAS;MASCULINO;33.0
148;2017-0007;2017-01-11;2017;1;11;PEATON;PEATON;MASCULINO;48.0
149;2017-0008;2017-01-16;2017;1;16;CONDUCTOR;MOTO;MASCULINO;29.0
150;2017-0009;2017-01-16;2017;1;16;CONDUCTOR;MOTO;MASCULINO;36.0
151;2017-0010;2017-01-16;2017;1;16;CONDUCTOR;MOTO;MASCULINO;23.0
152;2017-0011;2017-01-22;2017;1;22;PASAJERO_ACOMPAÑANTE;MOTO;FEMENINO;29.0
153;2017-0012;2017-01-24;2017;1;24;CONDUCTOR;MOTO;MASCULINO;30.0
154;2017-0013;2017-01-27;2017;1;27;PEATON;PEATON;MASCULINO;4.0
155;2017-0014;2017-01-28;2017;1;28;PASAJERO_ACOMPAÑANTE;MOTO;FEMENINO;22.0
156;2017-0015;2017-02-02;2017;2;2;PEATON;PEATON;MASCULINO;82.0
157;2017-0016;2017-02-03;2017;2;3;CONDUCTOR;MOTO;MASCULINO;27.0
158;2017-0017;2017-02-06;2017;2;6;CONDUCTOR;MOTO;MASCULINO;32.0
159;2017-0018;2017-02-09;2017;2;9;CONDUCTOR;MOTO;MASCULINO;30.0
160;2017-0021;2017-02-18;2017;2;18;CONDUCTOR;MOTO;MASCULINO;43.0
161;2017-0024;2017-02-23;2017;2;23;PEATON;PEATON;MASCULINO;39.0
162;2017-0025;2017-02-24;2017;2;24;CONDUCTOR;MOTO;MASCULINO;23.0
163;2017-0026;2017-02-26;2017;2;26;PASAJERO_ACOMPAÑANTE;AUTO;FEMENINO;23.0
164;2017-0026;2017-02-26;2017;2;26;CONDUCTOR;AUTO;MASCULINO;19.0
165;2017-0027;2017-02-26;2017;2;26;PEATON;PEATON;MASCULINO;42.0
166;2017-0028;2017-02-28;2017;2;28;PEATON;PEATON;MASCULINO;87.0
167;2017-0029;2017-03-07;2017;3;7;SD;SD;MASCULINO;34.0
168;2017-0030;2017-03-07;2017;3;7;CONDUCTOR;AUTO;FEMENINO;27.0
169;2017-0031;2017-03-11;2017;3;11;PASAJERO_ACOMPAÑANTE;AUTO;MASCULINO;70.0
170;2017-0032;2017-03-12;2017;3;12;PASAJERO_ACOMPAÑANTE;AUTO;FEMENINO;40.0
171;2017-0033;2017-03-12;2017;3;12;CONDUCTOR;AUTO;MASCULINO;28.0
172;2017-0034;2017-03-13;2017;3;13;PEATON;PEATON;MASCULINO;43.0
173;2017-0035;2017-03-23;2017;3;23;CONDUCTOR;AUTO;MASCULINO;28.0
174;2017-0035;2017-03-23;2017;3;23;PASAJERO_ACOMPAÑANTE;AUTO;MASCULINO;32.0
175;2017-0035;2017-03-23;2017;3;23;PASAJERO_ACOMPAÑANTE;AUTO;MASCULINO;30.0
176;2017-0036;2017-03-29;2017;3;29;PASAJERO_ACOMPAÑANTE;MOTO;FEMENINO;42.0
177;2017-0036;2017-03-29;2017;3;29;CONDUCTOR;MOTO;MASCULINO;20.0
178;2017-0037;2017-03-31;2017;3;31;CONDUCTOR;MOTO;MASCULINO;41.0
179;2017-0038;2017-04-01;2017;4;1;CONDUCTOR;MOTO;FEMENINO;40.0
180;2017-0040;2017-04-03;2017;4;3;CONDUCTOR;AUTO;MASCULINO;43.0
181;2017-0041;2017-04-03;2017;4;3;CONDUCTOR;MOTO;MASCULINO;17.0
182;2017-0042;2017-04-10;2017;4;10;CONDUCTOR;MOTO;MASCULINO;42.0
183;2017-0045;2017-04-14;2017;4;14;CONDUCTOR;MOTO;MASCULINO;21.0
184;2017-0047;2017-04-23;2017;4;23;CONDUCTOR;MOTO;MASCULINO;37.0
185;2017-0049;2017-04-27;2017;4;27;PEATON;PEATON;MASCULINO;22.0
186;2017-0050;2017-04-28;2017;4;28;CONDUCTOR;MOTO;MASCULINO;46.0
187;2017-0050;2017-04-28;2017;4;28;PASAJERO_ACOMPAÑANTE;MOTO;MASCULINO;16.0
188;2017-0051;2017-05-01;2017;5;1;CONDUCTOR;AUTO;MASCULINO;33.0
189;2017-0052;2017-05-05;2017;5;5;PEATON;PEATON;FEMENINO;47.0
190;2017-0053;2017-05-05;2017;5;5;CONDUCTOR;MOTO;MASCULINO;28.0
191;2017-0054;2017-05-07;2017;5;7;PASAJERO_ACOMPAÑANTE;MOTO;FEMENINO;20.0
192;2017-0055;2017-05-09;2017;5;9;CONDUCTOR;AUTO;MASCULINO;32.0
193;2017-0058;2017-05-09;2017;5;9;PEATON;PEATON;MASCULINO;80.0
194;2017-0059;2017-05-11;2017;5;11;PEATON;PEATON;FEMENINO;39.0
195;2017-0060;2017-05-13;2017;5;13;PASAJERO_ACOMPAÑANTE;MOTO;MASCULINO;30.0
196;2017-0061;2017-05-15;2017;5;15;PEATON;PEATON;MASCULINO;47.0
197;2017-0062;2017-05-15;2017;5;15;CONDUCTOR;MOTO;MASCULINO;35.0
198;2017-0063;2017-05-17;2017;5;17;PEATON;PEATON;FEMENINO;79.0
199;2017-0064;2017-05-20;2017;5;20;PASAJERO_ACOMPAÑANTE;CARGAS;MASCULINO;61.0
200;2017-0065;2017-05-22;2017;5;22;CICLISTA;BICICLETA;MASCULINO;21.0
201;2017-0066;2017-05-22;2017;5;22;PEATON;PEATON;MASCULINO;10.0
202;2017-0067;2017-05-23;2017;5;23;CONDUCTOR;MOTO;MASCULINO;21.0
203;2017-0068;2017-05-27;2017;5;27;CONDUCTOR;MOTO;MASCULINO;32.0
204;2017-0069;2017-05-29;2017;5;29;CONDUCTOR;MOTO;MASCULINO;39.0
205;2017-0070;2017-05-30;2017;5;30;PEATON;PEATON;MASCULINO;80.0
206;2017-0072;2017-06-03;2017;6;3;CONDUCTOR;AUTO;MASCULINO;25.0
207;2017-0073;2017-06-04;2017;6;4;CONDUCTOR;MOTO;MASCULINO;19.0
208;2017-0074;2017-06-04;2017;6;4;SD;SD;MASCULINO;70.0
209;2017-0075;2017-06-12;2017;6;12;PEATON;PEATON;MASCULINO;55.0
210;2017-0076;2017-06-13;2017;6;13;PEATON;PEATON;FEMENINO;30.0
211;2017-0077;2017-06-17;2017;6;17;CONDUCTOR;MOTO;FEMENINO;60.0
212;2017-0079;2017-06-19;2017;6;19;CONDUCTOR;MOTO;MASCULINO;33.0
213;2017-0080;2017-06-22;2017;6;22;PEATON;PEATON;FEMENINO;95.0
214;2017-0082;2017-06-25;2017;6;25;PEATON;PEATON;MASCULINO;36.0
215;2017-0083;2017-07-04;2017;7;4;CONDUCTOR;MOTO;MASCULINO;37.0
216;2017-0084;2017-07-05;2017;7;5;PEATON;PEATON;FEMENINO;73.0
217;2017-0085;2017-07-07;2017;7;7;PEATON;PEATON;MASCULINO;84.0
218;2017-0086;2017-07-09;2017;7;9;PEATON;PEATON;FEMENINO;30.0
219;2017-0087;2017-07-10;2017;7;10;PEATON;PEATON;FEMENINO;73.0
220;2017-0088;2017-07-10;2017;7;10;PEATON;PEATON;MASCULINO;43.0
221;2017-0089;2017-07-13;2017;7;13;SD;SD;MASCULINO;23.0
222;2017-0090;2017-07-15;2017;7;15;PEATON;PEATON;MASCULINO;22.0
223;2017-0091;2017-07-15;2017;7;15;CONDUCTOR;MOTO;MASCULINO;58.0
224;2017-0092;2017-07-24;2017;7;24;PEATON;PEATON;MASCULINO;66.0
225;2017-0093;2017-07-25;2017;7;25;PEATON;PEATON;MASCULINO;42.0
226;2017-0094;2017-07-27;2017;7;27;CICLISTA;BICICLETA;FEMENINO;56.0
227;2017-0095;2017-08-06;2017;8;6;CONDUCTOR;MOTO;MASCULINO;36.0
228;2017-0096;2017-08-07;2017;8;7;PEATON;PEATON;MASCULINO;87.0
229;2017-0098;2017-08-08;2017;8;8;PEATON;PEATON;FEMENINO;61.0
230;2017-0099;2017-08-17;2017;8;17;CICLISTA;BICICLETA;MASCULINO;28.0
231;2017-0100;2017-08-21;2017;8;21;PASAJERO_ACOMPAÑANTE;MOTO;FEMENINO;16.0
232;2017-0101;2017-08-23;2017;8;23;PEATON;PEATON;FEMENINO;61.0
233;2017-0102;2017-08-24;2017;8;24;PEATON;PEATON;MASCULINO;46.0
234;2017-0104;2017-08-25;2017;8;25;PEATON;PEATON;FEMENINO;18.0
235;2017-0106;2017-08-31;2017;8;31;PEATON;PEATON;FEMENINO;85.0
236;2017-0107;2017-09-01;2017;9;1;CONDUCTOR;MOTO;MASCULINO;41.0
237;2017-0108;2017-09-02;2017;9;2;PASAJERO_ACOMPAÑANTE;AUTO;MASCULINO;17.0
238;2017-0108;2017-09-02;2017;9;2;PASAJERO_ACOMPAÑANTE;AUTO;MASCULINO;10.0
239;2017-0109;2017-09-04;2017;9;4;CONDUCTOR;MOTO;MASCULINO;21.0
240;2017-0110;2017-09-06;2017;9;6;PEATON;PEATON;MASCULINO;56.0
241;2017-0111;2017-09-07;2017;9;7;PEATON;PEATON;FEMENINO;79.0
242;2017-0112;2017-09-10;2017;9;10;PASAJERO_ACOMPAÑANTE;AUTO;MASCULINO;1.0
243;2017-0112;2017-09-10;2017;9;10;PASAJERO_ACOMPAÑANTE;AUTO;MASCULINO;42.0
244;2017-0113;2017-09-11;2017;9;11;PEATON;PEATON;FEMENINO;76.0
245;2017-0114;2017-09-15;2017;9;15;CONDUCTOR;AUTO;MASCULINO;26.0
246;2017-0115;2017-09-19;2017;9;19;CONDUCTOR;MOTO;MASCULINO;34.0
247;2017-0116;2017-09-20;2017;9;20;CONDUCTOR;MOTO;MASCULINO;22.0
248;2017-0118;2017-09-22;2017;9;22;PASAJERO_ACOMPAÑANTE;MOTO;FEMENINO;26.0
249;2017-0120;2017-10-02;2017;10;2;CONDUCTOR;MOTO;MASCULINO;20.0
250;2017-0123;2017-10-10;2017;10;10;PEATON;PEATON;FEMENINO;36.0
251;2017-0124;2017-10-12;2017;10;12;CONDUCTOR;MOTO;MASCULINO;51.0
252;2017-0125;2017-10-13;2017;10;13;CONDUCTOR;MOTO;MASCULINO;29.0
253;2017-0126;2017-10-14;2017;10;14;PASAJERO_ACOMPAÑANTE;AUTO;MASCULINO;39.0
254;2017-0126;2017-10-14;2017;10;14;CONDUCTOR;AUTO;MASCULINO;36.0
255;2017-0127;2017-10-16;2017;10;16;PASAJERO_ACOMPAÑANTE;MOTO;MASCULINO;24.0
256;2017-0128;2017-10-17;2017;10;17;PEATON;PEATON;FEMENINO;60.0
257;2017-0129;2017-10-26;2017;10;26;CONDUCTOR;MOTO;MASCULINO;57.0
258;2017-0130;2017-10-27;2017;10;27;CONDUCTOR;AUTO;MASCULINO;23.0
259;2017-0132;2017-10-30;2017;10;30;CONDUCTOR;MOTO;MASCULINO;23.0
260;2017-0134;2017-11-06;2017;11;6;PEATON;PEATON;FEMENINO;47.0
261;2017-0135;2017-11-07;2017;11;7;CONDUCTOR;MOTO;MASCULINO;24.0
262;2017-0136;2017-11-16;2017;11;16;PEATON;PEATON;MASCULINO;55.0
263;2017-0137;2017-11-17;2017;11;17;PEATON;PEATON;FEMENINO;60.0
264;2017-0138;2017-11-19;2017;11;19;PASAJERO_ACOMPAÑANTE;MOTO;MASCULINO;25.0
265;2017-0139;2017-11-19;2017;11;19;PASAJERO_ACOMPAÑANTE;AUTO;FEMENINO;15.0
266;2017-0140;2017-11-19;2017;11;19;CONDUCTOR;MOTO;MASCULINO;24.0
267;2017-0141;2017-11-23;2017;11;23;PEATON;PEATON;FEMENINO;22.0
268;2017-0143;2017-11-25;2017;11;25;CONDUCTOR;AUTO;MASCULINO;50.0
269;2017-0144;2017-11-26;2017;11;26;PASAJERO_ACOMPAÑANTE;AUTO;FEMENINO;50.0
270;2017-0145;2017-11-26;2017;11;26;CONDUCTOR;MOTO;MASCULINO;58.0
271;2017-0147;2017-11-28;2017;11;28;CONDUCTOR;MOTO;MASCULINO;49.0
272;2017-0148;2017-11-29;2017;11;29;PEATON;PEATON;FEMENINO;82.0
273;2017-0149;2017-11-30;2017;11;30;PEATON;PEATON;MASCULINO;13.0
274;2017-0150;2017-12-04;2017;12;4;PEATON;PEATON;MASCULINO;56.0
275;2017-0151;2017-12-04;2017;12;4;PEATON;PEATON;MASCULINO;42.0
276;2017-0152;2017-12-06;2017;12;6;CICLISTA;BICICLETA;MASCULINO;19.0
277;2017-0153;2017-12-11;2017;12;11;PASAJERO_ACOMPAÑANTE;MOTO;MASCULINO;42.0
278;2017-0153;2017-12-11;2017;12;11;CONDUCTOR;MOTO;MASCULINO;30.0
279;2017-0154;2017-12-11;2017;12;11;PEATON;PEATON;MASCULINO;76.0
280;2017-0155;2017-12-12;2017;12;12;SD;SD;MASCULINO;77.0
281;2017-0157;2017-12-17;2017;12;17;CONDUCTOR;AUTO;MASCULINO;53.0
282;2017-0158;2017-12-18;2017;12;18;CONDUCTOR;MOTO;MASCULINO;32.0
283;2017-0159;2017-12-20;2017;12;20;CONDUCTOR;MOTO;MASCULINO;27.0
284;2017-0160;2017-12-22;2017;12;22;PEATON;PEATON;FEMENINO;30.0
285;2017-0161;2017-12-26;2017;12;26;PEATON;PEATON;FEMENINO;30.0
286;2018-0001;2018-01-01;2018;1;1;PEATON;PEATON;MASCULINO;83.0
287;2018-0002;2018-01-03;2018;1;3;CICLISTA;BICICLETA;FEMENINO;26.0
288;2018-0003;2018-01-05;2018;1;5;PEATON;PEATON;FEMENINO;58.0
289;2018-0004;2018-01-09;2018;1;9;CONDUCTOR;MOTO;MASCULINO;39.0
290;2018-0005;2018-01-09;2018;1;9;PEATON;PEATON;MASCULINO;54.0
291;2018-0006;2018-01-10;2018;1;10;CICLISTA;BICICLETA;FEMENINO;45.0
292;2018-0007;2018-01-11;2018;1;11;CONDUCTOR;AUTO;MASCULINO;46.0
293;2018-0008;2018-01-12;2018;1;12;CONDUCTOR;MOTO;FEMENINO;32.0
294;2018-0009;2018-01-14;2018;1;14;CONDUCTOR;MOTO;MASCULINO;19.0
295;2018-0010;2018-01-18;2018;1;18;CONDUCTOR;MOTO;MASCULINO;40.0
296;2018-0011;2018-01-19;2018;1;19;PEATON;PEATON;MASCULINO;84.0
297;2018-0012;2018-01-26;2018;1;26;CONDUCTOR;MOTO;MASCULINO;20.0
298;2018-0013;2018-01-28;2018;1;28;CONDUCTOR;MOTO;MASCULINO;44.0
299;2018-0014;2018-01-31;2018;1;31;PEATON;PEATON;MASCULINO;42.0
300;2018-0015;2018-02-06;2018;2;6;CONDUCTOR;MOTO;MASCULINO;28.0
301;2018-0015;2018-02-06;2018;2;6;PASAJERO_ACOMPAÑANTE;MOTO;MASCULINO;19.0
302;2018-0016;2018-02-15;2018;2;15;CONDUCTOR;MOTO;MASCULINO;31.0
303;2018-0017;2018-02-17;2018;2;17;PEATON;PEATON;MASCULINO;35.0
304;2018-0018;2018-02-17;2018;2;17;CONDUCTOR;MOTO;MASCULINO;26.0
305;2018-0019;2018-02-17;2018;2;17;PEATON;PEATON;FEMENINO;80.0
306;2018-0020;2018-02-19;2018;2;19;CONDUCTOR;MOTO;MASCULINO;26.0
307;2018-0021;2018-02-22;2018;2;22;PEATON;PEATON;FEMENINO;62.0
308;2018-0022;2018-02-24;2018;2;24;CONDUCTOR;MOTO;MASCULINO;28.0
309;2018-0023;2018-02-24;2018;2;24;CONDUCTOR;MOTO;MASCULINO;28.0
310;2018-0024;2018-02-28;2018;2;28;PEATON;PEATON;MASCULINO;70.0
311;2018-0025;2018-03-04;2018;3;4;PEATON;PEATON;MASCULINO;70.0
312;2018-0026;2018-03-09;2018;3;9;CONDUCTOR;MOVIL;MASCULINO;24.0
313;2018-0026;2018-03-09;2018;3;9;PASAJERO_ACOMPAÑANTE;MOVIL;MASCULINO;30.0
314;2018-0027;2018-03-11;2018;3;11;PEATON;PEATON;FEMENINO;74.0
315;2018-0028;2018-03-13;2018;3;13;PEATON;PEATON;MASCULINO;71.0
316;2018-0029;2018-03-15;2018;3;15;CONDUCTOR;MOTO;MASCULINO;26.0
317;2018-0030;2018-03-20;2018;3;20;CONDUCTOR;MOTO;MASCULINO;24.0
318;2018-0031;2018-03-28;2018;3;28;CONDUCTOR;MOTO;MASCULINO;31.0
319;2018-0032;2018-04-02;2018;4;2;PEATON;PEATON;MASCULINO;70.0
320;2018-0033;2018-04-07;2018;4;7;CONDUCTOR;MOTO;FEMENINO;42.0
321;2018-0034;2018-04-11;2018;4;11;PEATON;PEATON;MASCULINO;24.0
322;2018-0035;2018-04-12;2018;4;12;PEATON;PEATON;FEMENINO;39.0
323;2018-0036;2018-04-13;2018;4;13;CONDUCTOR;MOTO;MASCULINO;37.0
324;2018-0037;2018-04-18;2018;4;18;PEATON;PEATON;MASCULINO;84.0
325;2018-0038;2018-04-20;2018;4;20;PEATON;PEATON;FEMENINO;59.0
326;2018-0038;2018-04-20;2018;4;20;PEATON;PEATON;MASCULINO;61.0
327;2018-0039;2018-04-21;2018;4;21;PEATON;PEATON;MASCULINO;37.0
328;2018-0040;2018-04-27;2018;4;27;PEATON;PEATON;FEMENINO;42.0
329;2018-0041;2018-04-27;2018;4;27;PEATON;PEATON;FEMENINO;78.0
330;2018-0042;2018-04-27;2018;4;27;PASAJERO_ACOMPAÑANTE;MOTO;MASCULINO;23.0
331;2018-0043;2018-04-28;2018;4;28;CONDUCTOR;MOTO;MASCULINO;25.0
332;2018-0044;2018-04-28;2018;4;28;PEATON;PEATON;FEMENINO;50.0
333;2018-0045;2018-04-30;2018;4;30;CONDUCTOR;AUTO;MASCULINO;60.0
334;2018-0046;2018-05-02;2018;5;2;PEATON;PEATON;MASCULINO;11.0
335;2018-0047;2018-05-08;2018;5;8;PEATON;PEATON;MASCULINO;82.0
336;2018-0048;2018-05-09;2018;5;9;PEATON;PEATON;MASCULINO;57.0
337;2018-0049;2018-05-11;2018;5;11;PEATON;PEATON;FEMENINO;40.0
338;2018-0050;2018-05-14;2018;5;14;PEATON;PEATON;FEMENINO;47.0
339;2018-0051;2018-05-15;2018;5;15;PEATON;PEATON;FEMENINO;57.0
340;2018-0052;2018-05-18;2018;5;18;PEATON;PEATON;MASCULINO;78.0
341;2018-0053;2018-05-20;2018;5;20;CONDUCTOR;MOTO;MASCULINO;43.0
342;2018-0054;2018-05-22;2018;5;22;PEATON;PEATON;FEMENINO;86.0
343;2018-0055;2018-05-29;2018;5;29;CONDUCTOR;MOTO;MASCULINO;21.0
344;2018-0056;2018-06-02;2018;6;2;PEATON;PEATON;FEMENINO;69.0
345;2018-0057;2018-06-03;2018;6;3;CONDUCTOR;MOTO;MASCULINO;33.0
346;2018-0058;2018-06-03;2018;6;3;CONDUCTOR;MOTO;MASCULINO;26.0
347;2018-0059;2018-06-08;2018;6;8;CONDUCTOR;MOTO;MASCULINO;54.0
348;2018-0060;2018-06-08;2018;6;8;PEATON;PEATON;MASCULINO;51.0
349;2018-0061;2018-06-10;2018;6;10;CONDUCTOR;MOTO;MASCULINO;51.0
350;2018-0062;2018-06-14;2018;6;14;PEATON;PEATON;MASCULINO;32.0
351;2018-0063;2018-06-16;2018;6;16;PEATON;PEATON;FEMENINO;28.0
352;2018-0064;2018-06-25;2018;6;25;CONDUCTOR;AUTO;MASCULINO;30.0
353;2018-0065;2018-06-26;2018;6;26;CONDUCTOR;MOTO;MASCULINO;35.0
354;2018-0066;2018-06-28;2018;6;28;PEATON;PEATON;MASCULINO;73.0
355;2018-0067;2018-06-29;2018;6;29;PASAJERO_ACOMPAÑANTE;PASAJEROS;FEMENINO;81.0
356;2018-0068;2018-07-01;2018;7;1;CONDUCTOR;MOTO;MASCULINO;21.0
357;2018-0069;2018-07-04;2018;7;4;CICLISTA;BICICLETA;MASCULINO;20.0
358;2018-0070;2018-07-07;2018;7;7;CONDUCTOR;MOTO;MASCULINO;33.0
359;2018-0071;2018-07-10;2018;7;10;CONDUCTOR;MOTO;MASCULINO;42.0
360;2018-0072;2018-07-11;2018;7;11;CONDUCTOR;MOTO;MASCULINO;27.0
361;2018-0073;2018-07-11;2018;7;11;PEATON;PEATON;FEMENINO;67.0
362;2018-0074;2018-07-14;2018;7;14;CONDUCTOR;AUTO;MASCULINO;25.0
363;2018-0075;2018-07-15;2018;7;15;PEATON;PEATON;MASCULINO;23.0
364;2018-0076;2018-07-16;2018;7;16;CONDUCTOR;AUTO;MASCULINO;73.0
365;2018-0077;2018-07-16;2018;7;16;CONDUCTOR;AUTO;MASCULINO;58.0
366;2018-0078;2018-07-21;2018;7;21;PEATON;PEATON;MASCULINO;27.0
367;2018-0079;2018-07-23;2018;7;23;PEATON;PEATON;MASCULINO;42.0
368;2018-0080;2018-07-25;2018;7;25;PEATON;PEATON;MASCULINO;26.0
369;2018-0081;2018-07-29;2018;7;29;PEATON;PEATON;MASCULINO;35.0
370;2018-0082;2018-08-01;2018;8;1;CONDUCTOR;MOTO;FEMENINO;17.0
371;2018-0083;2018-08-02;2018;8;2;CONDUCTOR;MOTO;MASCULINO;42.0
372;2018-0084;2018-08-03;2018;8;3;PEATON;PEATON;MASCULINO;45.0
373;2018-0085;2018-08-03;2018;8;3;PASAJERO_ACOMPAÑANTE;MOTO;FEMENINO;22.0
374;2018-0085;2018-08-03;2018;8;3;CONDUCTOR;MOTO;MASCULINO;30.0
375;2018-0086;2018-08-10;2018;8;10;PEATON;PEATON;MASCULINO;40.0
376;2018-0087;2018-08-15;2018;8;15;PEATON;PEATON;MASCULINO;75.0
377;2018-0088;2018-08-17;2018;8;17;CONDUCTOR;MOTO;MASCULINO;42.0
378;2018-0089;2018-08-17;2018;8;17;PEATON;PEATON;MASCULINO;80.0
379;2018-0090;2018-08-18;2018;8;18;CONDUCTOR;MOTO;MASCULINO;27.0
380;2018-0091;2018-08-19;2018;8;19;PASAJERO_ACOMPAÑANTE;AUTO;FEMENINO;23.0
381;2018-0092;2018-08-20;2018;8;20;CONDUCTOR;MOTO;MASCULINO;23.0
382;2018-0093;2018-08-20;2018;8;20;PEATON;PEATON;MASCULINO;24.0
383;2018-0094;2018-08-23;2018;8;23;CONDUCTOR;MOTO;MASCULINO;32.0
384;2018-0095;2018-08-26;2018;8;26;PASAJERO_ACOMPAÑANTE;AUTO;FEMENINO;49.0
385;2018-0096;2018-08-31;2018;8;31;PEATON;PEATON;MASCULINO;39.0
386;2018-0097;2018-09-02;2018;9;2;CONDUCTOR;AUTO;FEMENINO;35.0
387;2018-0098;2018-09-09;2018;9;9;CONDUCTOR;AUTO;MASCULINO;55.0
388;2018-0098;2018-09-09;2018;9;9;PASAJERO_ACOMPAÑANTE;AUTO;MASCULINO;54.0
389;2018-0099;2018-09-12;2018;9;12;PEATON;PEATON;MASCULINO;18.0
390;2018-0100;2018-09-20;2018;9;20;SD;MOTO;FEMENINO;33.0
391;2018-0101;2018-09-21;2018;9;21;CONDUCTOR;AUTO;MASCULINO;42.0
392;2018-0102;2018-09-21;2018;9;21;CONDUCTOR;MOTO;MASCULINO;20.0
393;2018-0103;2018-09-27;2018;9;27;PEATON;PEATON;MASCULINO;1.0
394;2018-0104;2018-10-01;2018;10;1;CONDUCTOR;MOTO;MASCULINO;22.0
395;2018-0105;2018-10-03;2018;10;3;PEATON;PEATON;FEMENINO;56.0
396;2018-0106;2018-10-04;2018;10;4;CONDUCTOR;MOTO;MASCULINO;27.0
397;2018-0107;2018-10-06;2018;10;6;PEATON;PEATON;FEMENINO;62.0
398;2018-0108;2018-10-09;2018;10;9;CONDUCTOR;MOTO;MASCULINO;37.0
399;2018-0109;2018-10-10;2018;10;10;PEATON;PEATON;MASCULINO;34.0
400;2018-0110;2018-10-13;2018;10;13;PEATON;PEATON;MASCULINO;60.0
401;2018-0111;2018-10-19;2018;10;19;CONDUCTOR;MOTO;MASCULINO;28.0
402;2018-0112;2018-10-24;2018;10;24;CONDUCTOR;MOTO;FEMENINO;28.0
403;2018-0113;2018-10-25;2018;10;25;CONDUCTOR;MOTO;MASCULINO;20.0
404;2018-0114;2018-10-30;2018;10;30;CONDUCTOR;MOTO;MASCULINO;23.0
405;2018-0115;2018-10-31;2018;10;31;PEATON;PEATON;MASCULINO;42.0
406;2018-0116;2018-11-01;2018;11;1;PEATON;PEATON;MASCULINO;48.0
407;2018-0117;2018-11-04;2018;11;4;CONDUCTOR;MOTO;MASCULINO;30.0
408;2018-0118;2018-11-05;2018;11;5;PEATON;PEATON;FEMENINO;80.0
409;2018-0119;2018-11-05;2018;11;5;PEATON;PEATON;FEMENINO;32.0
410;2018-0120;2018-11-09;2018;11;9;PEATON;PEATON;FEMENINO;51.0
411;2018-0121;2018-11-09;2018;11;9;PEATON;PEATON;FEMENINO;72.0
412;2018-0122;2018-11-12;2018;11;12;CONDUCTOR;AUTO;MASCULINO;33.0
413;2018-0123;2018-11-12;2018;11;12;CONDUCTOR;AUTO;MASCULINO;25.0
414;2018-0124;2018-11-15;2018;11;15;CONDUCTOR;CARGAS;MASCULINO;44.0
415;2018-0125;2018-11-16;2018;11;16;PEATON;PEATON;MASCULINO;29.0
416;2018-0126;2018-11-18;2018;11;18;CONDUCTOR;MOTO;MASCULINO;27.0
417;2018-0127;2018-11-19;2018;11;19;CONDUCTOR;MOTO;MASCULINO;29.0
418;2018-0128;2018-11-25;2018;11;25;PASAJERO_ACOMPAÑANTE;AUTO;MASCULINO;49.0
419;2018-0128;2018-11-25;2018;11;25;PASAJERO_ACOMPAÑANTE;AUTO;FEMENINO;39.0
420;2018-0129;2018-11-28;2018;11;28;CONDUCTOR;MOTO;MASCULINO;37.0
421;2018-0130;2018-12-03;2018;12;3;CONDUCTOR;MOTO;MASCULINO;42.0
422;2018-0131;2018-12-07;2018;12;7;CONDUCTOR;MOTO;MASCULINO;29.0
423;2018-0132;2018-12-12;2018;12;12;PEATON;PEATON;MASCULINO;70.0
424;2018-0133;2018-12-12;2018;12;12;PEATON;PEATON;FEMENINO;60.0
425;2018-0134;2018-12-12;2018;12;12;PEATON;PEATON;MASCULINO;56.0
426;2018-0135;2018-12-18;2018;12;18;PEATON;PEATON;MASCULINO;80.0
427;2018-0136;2018-12-18;2018;12;18;PEATON;PEATON;FEMENINO;70.0
428;2018-0137;2018-12-18;2018;12;18;PASAJERO_ACOMPAÑANTE;MOTO;MASCULINO;29.0
429;2018-0138;2018-12-21;2018;12;21;PASAJERO_ACOMPAÑANTE;PASAJEROS;FEMENINO;79.0
430;2018-0139;2018-12-22;2018;12;22;PASAJERO_ACOMPAÑANTE;MOTO;MASCULINO;28.0
431;2018-0140;2018-12-22;2018;12;22;CONDUCTOR;AUTO;MASCULINO;78.0
432;2018-0141;2018-12-22;2018;12;22;PEATON;PEATON;MASCULINO;75.0
433;2018-0142;2018-12-25;2018;12;25;PASAJERO_ACOMPAÑANTE;CARGAS;MASCULINO;32.0
434;2018-0143;2018-12-29;2018;12;29;CONDUCTOR;MOTO;MASCULINO;22.0
435;2019-0001;2019-01-08;2019;1;8;CONDUCTOR;MOTO;MASCULINO;25.0
436;2019-0002;2019-01-09;2019;1;9;CONDUCTOR;AUTO;MASCULINO;32.0
437;2019-0003;2019-01-12;2019;1;12;CONDUCTOR;MOTO;MASCULINO;23.0
438;2019-0004;2019-01-14;2019;1;14;CONDUCTOR;AUTO;MASCULINO;71.0
439;2019-0005;2019-01-19;2019;1;19;CONDUCTOR;MOTO;MASCULINO;43.0
440;2019-0006;2019-01-23;2019;1;23;PEATON;PEATON;FEMENINO;12.0
441;2019-0007;2019-01-26;2019;1;26;CONDUCTOR;MOTO;MASCULINO;35.0
442;2019-0008;2019-01-30;2019;1;30;CONDUCTOR;MOTO;MASCULINO;42.0
443;2019-0009;2019-01-31;2019;1;31;CONDUCTOR;MOTO;MASCULINO;34.0
444;2019-0010;2019-02-02;2019;2;2;PEATON;PEATON;MASCULINO;42.0
445;2019-0010;2019-02-02;2019;2;2;PEATON;PEATON;MASCULINO;59.0
446;2019-0011;2019-02-10;2019;2;10;PEATON;PEATON;MASCULINO;42.0
447;2019-0012;2019-02-17;2019;2;17;CONDUCTOR;MOTO;MASCULINO;31.0
448;2019-0013;2019-02-20;2019;2;20;PEATON;PEATON;MASCULINO;39.0
449;2019-0014;2019-02-20;2019;2;20;CONDUCTOR;MOTO;MASCULINO;69.0
450;2019-0015;2019-02-23;2019;2;23;CONDUCTOR;AUTO;MASCULINO;21.0
451;2019-0016;2019-02-24;2019;2;24;CONDUCTOR;MOTO;MASCULINO;40.0
452;2019-0017;2019-03-03;2019;3;3;CONDUCTOR;AUTO;MASCULINO;22.0
453;2019-0018;2019-03-03;2019;3;3;PEATON;PEATON;FEMENINO;29.0
454;2019-0019;2019-03-06;2019;3;6;CONDUCTOR;MOTO;MASCULINO;42.0
455;2019-0020;2019-03-07;2019;3;7;CONDUCTOR;MOTO;MASCULINO;43.0
456;2019-0021;2019-03-15;2019;3;15;CONDUCTOR;MOTO;MASCULINO;23.0
457;2019-0022;2019-03-15;2019;3;15;PASAJERO_ACOMPAÑANTE;AUTO;MASCULINO;42.0
458;2019-0023;2019-03-16;2019;3;16;CONDUCTOR;AUTO;MASCULINO;34.0
459;2019-0024;2019-03-19;2019;3;19;CONDUCTOR;MOTO;MASCULINO;32.0
460;2019-0025;2019-03-22;2019;3;22;PEATON;PEATON;MASCULINO;27.0
461;2019-0026;2019-03-28;2019;3;28;PEATON;PEATON;MASCULINO;42.0
462;2019-0027;2019-03-28;2019;3;28;CICLISTA;BICICLETA;MASCULINO;37.0
463;2019-0028;2019-04-06;2019;4;6;PEATON;PEATON;FEMENINO;42.0
464;2019-0029;2019-04-07;2019;4;7;CONDUCTOR;MOTO;MASCULINO;27.0
465;2019-0030;2019-04-09;2019;4;9;CONDUCTOR;MOTO;MASCULINO;25.0
466;2019-0031;2019-04-12;2019;4;12;CICLISTA;BICICLETA;MASCULINO;20.0
467;2019-0032;2019-04-16;2019;4;16;PEATON;PEATON;FEMENINO;83.0
468;2019-0033;2019-04-18;2019;4;18;CONDUCTOR;MOTO;MASCULINO;25.0
469;2019-0034;2019-04-21;2019;4;21;CONDUCTOR;MOTO;MASCULINO;42.0
470;2019-0035;2019-04-23;2019;4;23;PEATON;PEATON;FEMENINO;75.0
471;2019-0036;2019-04-26;2019;4;26;CONDUCTOR;MOTO;MASCULINO;34.0
472;2019-0037;2019-05-01;2019;5;1;CONDUCTOR;MOTO;MASCULINO;17.0
473;2019-0038;2019-05-04;2019;5;4;PEATON;PEATON;FEMENINO;42.0
474;2019-0105;2019-05-05;2019;5;5;PEATON;PEATON;FEMENINO;82.0
475;2019-0039;2019-05-09;2019;5;9;CONDUCTOR;MOTO;MASCULINO;28.0
476;2019-0040;2019-05-09;2019;5;9;CONDUCTOR;MOTO;MASCULINO;44.0
477;2019-0041;2019-05-11;2019;5;11;PASAJERO_ACOMPAÑANTE;AUTO;FEMENINO;78.0
478;2019-0042;2019-05-14;2019;5;14;PEATON;PEATON;MASCULINO;39.0
479;2019-0043;2019-05-21;2019;5;21;CICLISTA;BICICLETA;FEMENINO;42.0
480;2019-0044;2019-05-27;2019;5;27;PEATON;PEATON;FEMENINO;77.0
481;2019-0045;2019-06-03;2019;6;3;CONDUCTOR;MOTO;MASCULINO;33.0
482;2019-0046;2019-06-04;2019;6;4;PASAJERO_ACOMPAÑANTE;MOTO;FEMENINO;26.0
483;2019-0047;2019-06-06;2019;6;6;PEATON;PEATON;MASCULINO;76.0
484;2019-0048;2019-06-07;2019;6;7;CONDUCTOR;MOTO;MASCULINO;32.0
485;2019-0049;2019-06-08;2019;6;8;PEATON;PEATON;FEMENINO;72.0
486;2019-0050;2019-06-08;2019;6;8;CONDUCTOR;MOTO;MASCULINO;21.0
487;2019-0051;2019-06-11;2019;6;11;CONDUCTOR;MOTO;MASCULINO;41.0
488;2019-0053;2019-06-14;2019;6;14;PASAJERO_ACOMPAÑANTE;AUTO;MASCULINO;49.0
489;2019-0054;2019-06-20;2019;6;20;CONDUCTOR;MOTO;MASCULINO;21.0
490;2019-0055;2019-06-20;2019;6;20;CONDUCTOR;MOTO;MASCULINO;47.0
491;2019-0056;2019-06-29;2019;6;29;PEATON;PEATON;FEMENINO;75.0
492;2019-0057;2019-07-05;2019;7;5;PEATON;PEATON;FEMENINO;63.0
493;2019-0058;2019-07-10;2019;7;10;CONDUCTOR;MOTO;MASCULINO;39.0
494;2019-0059;2019-07-13;2019;7;13;CONDUCTOR;MOTO;MASCULINO;30.0
495;2019-0060;2019-07-17;2019;7;17;PEATON;PEATON;FEMENINO;78.0
496;2019-0061;2019-07-17;2019;7;17;PEATON;PEATON;FEMENINO;58.0
497;2019-0062;2019-08-01;2019;8;1;PEATON;PEATON;FEMENINO;60.0
498;2019-0063;2019-08-04;2019;8;4;PASAJERO_ACOMPAÑANTE;MOTO;MASCULINO;42.0
499;2019-0064;2019-08-06;2019;8;6;CONDUCTOR;MOTO;MASCULINO;20.0
500;2019-0065;2019-08-08;2019;8;8;PEATON;PEATON;FEMENINO;55.0
501;2019-0066;2019-08-11;2019;8;11;PEATON;PEATON;MASCULINO;40.0
502;2019-0067;2019-08-14;2019;8;14;CONDUCTOR;MOTO;MASCULINO;35.0
503;2019-0068;2019-08-14;2019;8;14;CONDUCTOR;MOTO;MASCULINO;53.0
504;2019-0069;2019-08-17;2019;8;17;CONDUCTOR;MOTO;MASCULINO;43.0
505;2019-0070;2019-08-22;2019;8;22;CONDUCTOR;MOTO;MASCULINO;25.0
506;2019-0071;2019-08-27;2019;8;27;PEATON;PEATON;MASCULINO;42.0
507;2019-0072;2019-08-28;2019;8;28;CONDUCTOR;AUTO;MASCULINO;22.0
508;2019-0073;2019-08-29;2019;8;29;CONDUCTOR;AUTO;MASCULINO;29.0
509;2019-0074;2019-08-29;2019;8;29;CONDUCTOR;MOTO;MASCULINO;35.0
510;2019-0075;2019-08-30;2019;8;30;CONDUCTOR;MOTO;MASCULINO;31.0
511;2019-0076;2019-09-05;2019;9;5;CONDUCTOR;MOTO;FEMENINO;29.0
512;2019-0077;2019-09-08;2019;9;8;PEATON;PEATON;FEMENINO;28.0
513;2019-0078;2019-09-12;2019;9;12;PEATON;PEATON;FEMENINO;72.0
514;2019-0079;2019-09-17;2019;9;17;CONDUCTOR;MOTO;MASCULINO;57.0
515;2019-0080;2019-09-17;2019;9;17;PEATON;PEATON;MASCULINO;76.0
516;2019-0081;2019-09-23;2019;9;23;PEATON;PEATON;MASCULINO;67.0
517;2019-0082;2019-09-25;2019;9;25;CICLISTA;BICICLETA;MASCULINO;47.0
518;2019-0083;2019-09-26;2019;9;26;CONDUCTOR;AUTO;MASCULINO;73.0
519;2019-0084;2019-09-27;2019;9;27;CICLISTA;BICICLETA;FEMENINO;40.0
520;2019-0085;2019-10-09;2019;10;9;CICLISTA;BICICLETA;MASCULINO;20.0
521;2019-0086;2019-10-15;2019;10;15;CONDUCTOR;MOTO;MASCULINO;29.0
522;2019-0087;2019-10-21;2019;10;21;CONDUCTOR;MOTO;MASCULINO;41.0
523;2019-0088;2019-10-22;2019;10;22;PEATON;PEATON;MASCULINO;27.0
524;2019-0089;2019-10-23;2019;10;23;PEATON;PEATON;FEMENINO;92.0
525;2019-0090;2019-10-24;2019;10;24;PEATON;PEATON;MASCULINO;67.0
526;2019-0091;2019-11-01;2019;11;1;PEATON;PEATON;MASCULINO;35.0
527;2019-0092;2019-11-03;2019;11;3;PEATON;PEATON;MASCULINO;37.0
528;2019-0093;2019-11-13;2019;11;13;CICLISTA;BICICLETA;MASCULINO;16.0
529;2019-0094;2019-11-18;2019;11;18;PASAJERO_ACOMPAÑANTE;MOTO;FEMENINO;42.0
530;2019-0095;2019-11-20;2019;11;20;CONDUCTOR;MOTO;MASCULINO;42.0
531;2019-0096;2019-11-22;2019;11;22;PEATON;PEATON;MASCULINO;73.0
532;2019-0097;2019-11-25;2019;11;25;PASAJERO_ACOMPAÑANTE;MOTO;FEMENINO;23.0
533;2019-0098;2019-11-25;2019;11;25;PASAJERO_ACOMPAÑANTE;PASAJEROS;FEMENINO;61.0
534;2019-0100;2019-12-05;2019;12;5;CONDUCTOR;MOTO;MASCULINO;38.0
535;2019-0101;2019-12-17;2019;12;17;CONDUCTOR;MOTO;MASCULINO;25.0
536;2019-0102;2019-12-17;2019;12;17;CONDUCTOR;MOTO;MASCULINO;18.0
537;2019-0103;2019-12-18;2019;12;18;CONDUCTOR;MOTO;MASCULINO;24.0
538;2019-0104;2019-12-21;2019;12;21;PASAJERO_ACOMPAÑANTE;MOTO;FEMENINO;23.0
539;2020-0001;2020-01-04;2020;1;4;PEATON;PEATON;FEMENINO;87.0
540;2020-0002;2020-01-05;2020;1;5;CONDUCTOR;MOTO;MASCULINO;36.0
541;2020-0003;2020-01-11;2020;1;11;PEATON;PEATON;MASCULINO;44.0
542;2020-0004;2020-01-14;2020;1;14;PEATON;PEATON;MASCULINO;82.0
543;2020-0005;2020-01-14;2020;1;14;CONDUCTOR;MOTO;MASCULINO;25.0
544;2020-0006;2020-01-20;2020;1;20;CONDUCTOR;MOTO;MASCULINO;23.0
545;2020-0007;2020-01-27;2020;1;27;PEATON;PEATON;MASCULINO;52.0
546;2020-0008;2020-01-30;2020;1;30;CONDUCTOR;MOTO;MASCULINO;49.0
547;2020-0009;2020-02-04;2020;2;4;PEATON;PEATON;MASCULINO;48.0
548;2020-0010;2020-02-08;2020;2;8;CONDUCTOR;MOTO;MASCULINO;42.0
549;2020-0011;2020-02-12;2020;2;12;CONDUCTOR;MOTO;MASCULINO;31.0
550;2020-0012;2020-02-18;2020;2;18;PEATON;PEATON;FEMENINO;66.0
551;2020-0013;2020-02-20;2020;2;20;PEATON;PEATON;FEMENINO;58.0
552;2020-0014;2020-02-27;2020;2;27;CONDUCTOR;MOTO;MASCULINO;42.0
553;2020-0015;2020-02-28;2020;2;28;CONDUCTOR;MOTO;MASCULINO;29.0
554;2020-0016;2020-02-29;2020;2;29;PEATON;PEATON;MASCULINO;68.0
555;2020-0017;2020-03-05;2020;3;5;PEATON;PEATON;MASCULINO;42.0
556;2020-0018;2020-03-09;2020;3;9;CONDUCTOR;MOTO;MASCULINO;31.0
557;2020-0019;2020-03-10;2020;3;10;PEATON;PEATON;FEMENINO;80.0
558;2020-0020;2020-03-13;2020;3;13;PEATON;PEATON;FEMENINO;74.0
559;2020-0021;2020-03-14;2020;3;14;PEATON;PEATON;FEMENINO;87.0
560;2020-0022;2020-04-07;2020;4;7;PASAJERO_ACOMPAÑANTE;AUTO;MASCULINO;44.0
561;2020-0023;2020-04-09;2020;4;9;CONDUCTOR;AUTO;MASCULINO;44.0
562;2020-0024;2020-04-24;2020;4;24;CONDUCTOR;AUTO;MASCULINO;53.0
563;2020-0025;2020-05-12;2020;5;12;PEATON;PEATON;MASCULINO;42.0
564;2020-0026;2020-05-17;2020;5;17;CONDUCTOR;MOTO;MASCULINO;28.0
565;2020-0027;2020-05-18;2020;5;18;PEATON;PEATON;MASCULINO;76.0
566;2020-0028;2020-05-19;2020;5;19;PEATON;PEATON;MASCULINO;91.0
567;2020-0029;2020-06-10;2020;6;10;PEATON;PEATON;MASCULINO;80.0
568;2020-0030;2020-06-16;2020;6;16;CONDUCTOR;MOTO;MASCULINO;40.0
569;2020-0031;2020-06-30;2020;6;30;CONDUCTOR;MOTO;MASCULINO;29.0
570;2020-0032;2020-07-10;2020;7;10;CONDUCTOR;MOTO;MASCULINO;21.0
571;2020-0033;2020-07-19;2020;7;19;CONDUCTOR;AUTO;MASCULINO;32.0
572;2020-0034;2020-08-02;2020;8;2;PEATON;PEATON;FEMENINO;42.0
573;2020-0035;2020-08-04;2020;8;4;CONDUCTOR;MOTO;MASCULINO;40.0
574;2020-0036;2020-08-07;2020;8;7;PEATON;PEATON;MASCULINO;72.0
575;2020-0037;2020-08-29;2020;8;29;PEATON;PEATON;MASCULINO;38.0
576;2020-0038;2020-08-30;2020;8;30;CONDUCTOR;AUTO;MASCULINO;46.0
577;2020-0038;2020-08-30;2020;8;30;CONDUCTOR;AUTO;MASCULINO;64.0
578;2020-0039;2020-09-01;2020;9;1;PEATON;PEATON;MASCULINO;44.0
579;2020-0040;2020-09-12;2020;9;12;CONDUCTOR;AUTO;MASCULINO;42.0
580;2020-0041;2020-09-28;2020;9;28;CONDUCTOR;MOTO;MASCULINO;34.0
581;2020-0042;2020-09-29;2020;9;29;PEATON;PEATON;FEMENINO;53.0
582;2020-0043;2020-09-30;2020;9;30;PEATON;PEATON;MASCULINO;64.0
583;2020-0044;2020-10-05;2020;10;5;CONDUCTOR;AUTO;MASCULINO;43.0
584;2020-0045;2020-10-19;2020;10;19;CONDUCTOR;AUTO;MASCULINO;50.0
585;2020-0046;2020-10-27;2020;10;27;CONDUCTOR;MOTO;MASCULINO;41.0
586;2020-0047;2020-10-27;2020;10;27;PEATON;PEATON;MASCULINO;15.0
587;2020-0048;2020-10-29;2020;10;29;CONDUCTOR;MOTO;MASCULINO;41.0
588;2020-0049;2020-10-30;2020;10;30;PEATON;PEATON;MASCULINO;36.0
589;2020-0050;2020-11-01;2020;11;1;PEATON;PEATON;FEMENINO;28.0
590;2020-0051;2020-11-05;2020;11;5;CONDUCTOR;MOTO;MASCULINO;49.0
591;2020-0052;2020-11-07;2020;11;7;CICLISTA;BICICLETA;MASCULINO;44.0
592;2020-0053;2020-11-09;2020;11;9;PASAJERO_ACOMPAÑANTE;AUTO;MASCULINO;27.0
593;2020-0054;2020-11-19;2020;11;19;CICLISTA;BICICLETA;MASCULINO;59.0
594;2020-0055;2020-11-19;2020;11;19;PEATON;PEATON;MASCULINO;91.0
595;2020-0056;2020-11-21;2020;11;21;CONDUCTOR;MOTO;FEMENINO;34.0
596;2020-0057;2020-11-23;2020;11;23;PEATON;PEATON;MASCULINO;84.0
597;2020-0058;2020-11-24;2020;11;24;PEATON;PEATON;MASCULINO;57.0
598;2020-0059;2020-12-01;2020;12;1;PEATON;PEATON;FEMENINO;49.0
599;2020-0060;2020-12-03;2020;12;3;PEATON;PEATON;FEMENINO;69.0
600;2020-0061;2020-12-03;2020;12;3;CONDUCTOR;MOTO;MASCULINO;45.0
601;2020-0062;2020-12-04;2020;12;4;CICLISTA;BICICLETA;MASCULINO;47.0
602;2020-0063;2020-12-05;2020;12;5;PEATON;PEATON;MASCULINO;38.0
603;2020-0063;2020-12-05;2020;12;5;PASAJERO_ACOMPAÑANTE;MOTO;MASCULINO;21.0
604;2020-0065;2020-12-05;2020;12;5;CONDUCTOR;MOTO;MASCULINO;24.0
605;2020-0066;2020-12-07;2020;12;7;CONDUCTOR;MOTO;MASCULINO;27.0
606;2020-0067;2020-12-11;2020;12;11;PEATON;PEATON;MASCULINO;51.0
607;2020-0068;2020-12-12;2020;12;12;CONDUCTOR;MOTO;MASCULINO;71.0
608;2020-0069;2020-12-15;2020;12;15;PASAJERO_ACOMPAÑANTE;MOTO;MASCULINO;25.0
609;2020-0070;2020-12-17;2020;12;17;PEATON;PEATON;FEMENINO;81.0
610;2020-0071;2020-12-17;2020;12;17;PEATON;PEATON;MASCULINO;4.0
611;2020-0072;2020-12-19;2020;12;19;CICLISTA;BICICLETA;MASCULINO;42.0
612;2020-0073;2020-12-20;2020;12;20;CONDUCTOR;MOTO;MASCULINO;56.0
613;2020-0074;2020-12-20;2020;12;20;CONDUCTOR;AUTO;MASCULINO;39.0
614;2020-0075;2020-12-23;2020;12;23;PEATON;PEATON;MASCULINO;23.0
615;2020-0076;2020-12-24;2020;12;24;CONDUCTOR;AUTO;FEMENINO;78.0
616;2020-0077;2020-12-25;2020;12;25;CONDUCTOR;MOTO;FEMENINO;30.0
617;2020-0077;2020-12-25;2020;12;25;PASAJERO_ACOMPAÑANTE;MOTO;FEMENINO;24.0
618;2020-0078;2020-12-25;2020;12;25;CICLISTA;BICICLETA;MASCULINO;26.0
619;2020-0079;2020-12-27;2020;12;27;CONDUCTOR;MOTO;MASCULINO;28.0
620;2021-0001;2021-01-06;2021;1;6;CONDUCTOR;MOTO;MASCULINO;36.0
621;2021-0002;2021-01-07;2021;1;7;CONDUCTOR;MOTO;FEMENINO;47.0
622;2021-0003;2021-01-10;2021;1;10;CONDUCTOR;MOTO;MASCULINO;27.0
623;2021-0004;2021-01-11;2021;1;11;PEATON;PEATON;FEMENINO;61.0
624;2021-0005;2021-01-11;2021;1;11;PEATON;PEATON;MASCULINO;73.0
625;2021-0006;2021-01-12;2021;1;12;PASAJERO_ACOMPAÑANTE;MOTO;FEMENINO;23.0
626;2021-0007;2021-01-18;2021;1;18;CONDUCTOR;MOTO;MASCULINO;84.0
627;2021-0008;2021-01-22;2021;1;22;PEATON;PEATON;MASCULINO;28.0
628;2021-0009;2021-01-23;2021;1;23;CONDUCTOR;MOTO;MASCULINO;31.0
629;2021-0010;2021-01-23;2021;1;23;CONDUCTOR;MOTO;MASCULINO;28.0
630;2021-0011;2021-01-27;2021;1;27;PEATON;PEATON;MASCULINO;21.0
631;2021-0012;2021-01-29;2021;1;29;PEATON;PEATON;MASCULINO;42.0
632;2021-0013;2021-01-31;2021;1;31;CONDUCTOR;MOTO;MASCULINO;41.0
633;2021-0014;2021-02-02;2021;2;2;PEATON;PEATON;MASCULINO;28.0
634;2021-0015;2021-02-06;2021;2;6;CONDUCTOR;MOTO;MASCULINO;26.0
635;2021-0016;2021-02-14;2021;2;14;CONDUCTOR;AUTO;MASCULINO;22.0
636;2021-0017;2021-02-17;2021;2;17;CONDUCTOR;MOTO;MASCULINO;33.0
637;2021-0018;2021-02-20;2021;2;20;PEATON;PEATON;MASCULINO;36.0
638;2021-0019;2021-02-21;2021;2;21;CONDUCTOR;MOTO;MASCULINO;30.0
639;2021-0020;2021-02-21;2021;2;21;PEATON;PEATON;FEMENINO;42.0
640;2021-0021;2021-02-26;2021;2;26;CONDUCTOR;MOTO;MASCULINO;39.0
641;2021-0022;2021-02-28;2021;2;28;PASAJERO_ACOMPAÑANTE;PASAJEROS;MASCULINO;68.0
642;2021-0023;2021-03-01;2021;3;1;CONDUCTOR;MOTO;MASCULINO;24.0
643;2021-0024;2021-03-03;2021;3;3;CICLISTA;BICICLETA;MASCULINO;5.0
644;2021-0025;2021-03-11;2021;3;11;CONDUCTOR;MOTO;MASCULINO;37.0
645;2021-0026;2021-03-15;2021;3;15;CONDUCTOR;MOTO;MASCULINO;36.0
646;2021-0027;2021-03-16;2021;3;16;CONDUCTOR;MOTO;FEMENINO;19.0
647;2021-0028;2021-03-29;2021;3;29;PEATON;PEATON;MASCULINO;42.0
648;2021-0029;2021-03-31;2021;3;31;CONDUCTOR;AUTO;MASCULINO;26.0
649;2021-0030;2021-04-03;2021;4;3;PEATON;PEATON;MASCULINO;36.0
650;2021-0031;2021-04-07;2021;4;7;PEATON;PEATON;FEMENINO;68.0
651;2021-0032;2021-04-10;2021;4;10;PEATON;PEATON;MASCULINO;60.0
652;2021-0033;2021-04-14;2021;4;14;CONDUCTOR;AUTO;MASCULINO;33.0
653;2021-0034;2021-04-19;2021;4;19;PASAJERO_ACOMPAÑANTE;MOTO;FEMENINO;26.0
654;2021-0035;2021-05-03;2021;5;3;CONDUCTOR;MOTO;MASCULINO;24.0
655;2021-0036;2021-05-09;2021;5;9;CONDUCTOR;MOTO;MASCULINO;36.0
656;2021-0037;2021-05-11;2021;5;11;PEATON;PEATON;FEMENINO;58.0
657;2021-0038;2021-05-14;2021;5;14;CONDUCTOR;MOTO;FEMENINO;44.0
658;2021-0039;2021-05-15;2021;5;15;CICLISTA;BICICLETA;MASCULINO;86.0
659;2021-0040;2021-05-20;2021;5;20;CONDUCTOR;MOTO;MASCULINO;27.0
660;2021-0041;2021-05-20;2021;5;20;PEATON;PEATON;MASCULINO;75.0
661;2021-0042;2021-05-21;2021;5;21;PEATON;PEATON;MASCULINO;39.0
662;2021-0043;2021-05-22;2021;5;22;PEATON;PEATON;MASCULINO;50.0
663;2021-0044;2021-05-25;2021;5;25;PASAJERO_ACOMPAÑANTE;MOTO;MASCULINO;21.0
664;2021-0045;2021-05-26;2021;5;26;CONDUCTOR;MOTO;MASCULINO;22.0
665;2021-0046;2021-05-31;2021;5;31;PASAJERO_ACOMPAÑANTE;AUTO;MASCULINO;20.0
666;2021-0047;2021-06-02;2021;6;2;CONDUCTOR;MOTO;MASCULINO;59.0
667;2021-0048;2021-06-03;2021;6;3;CICLISTA;BICICLETA;MASCULINO;44.0
668;2021-0049;2021-06-03;2021;6;3;CONDUCTOR;AUTO;MASCULINO;74.0
669;2021-0050;2021-06-10;2021;6;10;CONDUCTOR;MOTO;MASCULINO;56.0
670;2021-0051;2021-06-15;2021;6;15;PEATON;PEATON;MASCULINO;73.0
671;2021-0052;2021-06-20;2021;6;20;PASAJERO_ACOMPAÑANTE;MOTO;FEMENINO;19.0
672;2021-0053;2021-06-20;2021;6;20;PEATON;PEATON;MASCULINO;58.0
673;2021-0054;2021-06-22;2021;6;22;CONDUCTOR;MOTO;MASCULINO;41.0
674;2021-0055;2021-06-29;2021;6;29;PASAJERO_ACOMPAÑANTE;MOTO;MASCULINO;47.0
675;2021-0056;2021-07-09;2021;7;9;CICLISTA;BICICLETA;MASCULINO;60.0
676;2021-0057;2021-07-10;2021;7;10;CONDUCTOR;AUTO;MASCULINO;46.0
677;2021-0058;2021-07-21;2021;7;21;PEATON;PEATON;MASCULINO;24.0
678;2021-0059;2021-07-22;2021;7;22;PASAJERO_ACOMPAÑANTE;AUTO;FEMENINO;44.0
679;2021-0060;2021-07-22;2021;7;22;PEATON;PEATON;FEMENINO;80.0
680;2021-0061;2021-07-24;2021;7;24;PEATON;PEATON;FEMENINO;55.0
681;2021-0062;2021-07-27;2021;7;27;CONDUCTOR;AUTO;MASCULINO;73.0
682;2021-0063;2021-08-02;2021;8;2;PASAJERO_ACOMPAÑANTE;AUTO;FEMENINO;31.0
683;2021-0064;2021-08-02;2021;8;2;PEATON;PEATON;MASCULINO;37.0
684;2021-0065;2021-08-06;2021;8;6;PEATON;PEATON;FEMENINO;63.0
685;2021-0066;2021-08-06;2021;8;6;PEATON;PEATON;MASCULINO;59.0
686;2021-0067;2021-08-08;2021;8;8;CONDUCTOR;MOTO;MASCULINO;27.0
687;2021-0068;2021-08-15;2021;8;15;CONDUCTOR;MOTO;MASCULINO;39.0
688;2021-0069;2021-08-20;2021;8;20;PEATON;PEATON;MASCULINO;17.0
689;2021-0070;2021-08-28;2021;8;28;CONDUCTOR;MOTO;MASCULINO;31.0
690;2021-0071;2021-08-31;2021;8;31;PEATON;PEATON;MASCULINO;88.0
691;2021-0072;2021-09-01;2021;9;1;PEATON;PEATON;FEMENINO;57.0
692;2021-0073;2021-09-18;2021;9;18;CICLISTA;BICICLETA;FEMENINO;76.0
693;2021-0074;2021-09-20;2021;9;20;CONDUCTOR;MOTO;MASCULINO;55.0
694;2021-0075;2021-09-21;2021;9;21;PEATON;PEATON;MASCULINO;65.0
695;2021-0076;2021-10-16;2021;10;16;CONDUCTOR;MOTO;MASCULINO;31.0
696;2021-0077;2021-10-18;2021;10;18;CONDUCTOR;MOTO;FEMENINO;31.0
697;2021-0078;2021-10-23;2021;10;23;CONDUCTOR;MOTO;MASCULINO;22.0
698;2021-0079;2021-10-25;2021;10;25;PEATON;PEATON;MASCULINO;42.0
699;2021-0080;2021-10-28;2021;10;28;CONDUCTOR;MOTO;MASCULINO;32.0
700;2021-0081;2021-11-02;2021;11;2;CONDUCTOR;MOTO;MASCULINO;26.0
701;2021-0082;2021-11-06;2021;11;6;CONDUCTOR;MOTO;MASCULINO;38.0
702;2021-0083;2021-11-09;2021;11;9;CONDUCTOR;MOTO;MASCULINO;30.0
703;2021-0084;2021-11-11;2021;11;11;CONDUCTOR;AUTO;MASCULINO;32.0
704;2021-0097;2021-11-18;2021;11;18;CICLISTA;BICICLETA;MASCULINO;53.0
705;2021-0085;2021-11-20;2021;11;20;CONDUCTOR;MOTO;MASCULINO;49.0
706;2021-0086;2021-11-25;2021;11;25;PEATON;PEATON;MASCULINO;75.0
707;2021-0087;2021-11-27;2021;11;27;PEATON;PEATON;FEMENINO;73.0
708;2021-0088;2021-12-01;2021;12;1;CONDUCTOR;MOTO;MASCULINO;45.0
709;2021-0089;2021-12-02;2021;12;2;CONDUCTOR;MOTO;MASCULINO;41.0
710;2021-0090;2021-12-10;2021;12;10;PEATON;PEATON;MASCULINO;73.0
711;2021-0091;2021-12-11;2021;12;11;CONDUCTOR;MOTO;MASCULINO;24.0
712;2021-0092;2021-12-12;2021;12;12;PEATON;PEATON;FEMENINO;50.0
713;2021-0093;2021-12-13;2021;12;13;PASAJERO_ACOMPAÑANTE;MOTO;FEMENINO;18.0
714;2021-0094;2021-12-20;2021;12;20;PASAJERO_ACOMPAÑANTE;MOTO;FEMENINO;43.0
715;2021-0095;2021-12-30;2021;12;30;CONDUCTOR;MOTO;MASCULINO;27.0
716;2021-0096;2021-12-15;2021;12;15;CONDUCTOR;AUTO;MASCULINO;60.0
